-- ============================================================
-- Stadium Reservation System - Seed Data
-- Run AFTER schema.sql
-- ============================================================

USE `stadium_reservation`;

-- ============================================================
-- ROLES
-- ============================================================
INSERT INTO `roles` (`id`, `name`, `label`) VALUES
(1, 'admin', 'مدیر سیستم'),
(2, 'user',  'کاربر عادی');

-- ============================================================
-- USERS
-- Admin password: Admin@1234
-- User password:  User@1234
-- (bcrypt cost 12 hashes generated offline)
-- ============================================================
INSERT INTO `users`
    (`id`, `role_id`, `full_name`, `username`, `email`, `phone`, `password_hash`, `status`, `email_verified`)
VALUES
(1, 1, 'مدیر سیستم',   'admin',   'admin@stadium.ir',  '09100000001',
 '$2y$12$92IXUNpkjO0rOQ5byMi.Ye4oKoEa3Ro9llC/.og/at2.uheWG/igi', 'active', 1),
(2, 2, 'علی رضایی',    'ali_r',   'ali@example.ir',    '09100000002',
 '$2y$12$92IXUNpkjO0rOQ5byMi.Ye4oKoEa3Ro9llC/.og/at2.uheWG/igi', 'active', 1),
(3, 2, 'سارا محمدی',   'sara_m',  'sara@example.ir',   '09100000003',
 '$2y$12$92IXUNpkjO0rOQ5byMi.Ye4oKoEa3Ro9llC/.og/at2.uheWG/igi', 'active', 0),
(4, 2, 'رضا احمدی',    'reza_a',  NULL,                '09100000004',
 '$2y$12$92IXUNpkjO0rOQ5byMi.Ye4oKoEa3Ro9llC/.og/at2.uheWG/igi', 'active', 0);

-- ============================================================
-- CATEGORIES
-- ============================================================
INSERT INTO `categories` (`id`, `name`, `slug`, `icon`) VALUES
(1, 'فوتبال',       'football',    'fas fa-futbol'),
(2, 'بسکتبال',      'basketball',  'fas fa-basketball-ball'),
(3, 'والیبال',      'volleyball',  'fas fa-volleyball-ball'),
(4, 'تنیس',         'tennis',      'fas fa-table-tennis'),
(5, 'بدمینتون',     'badminton',   'fas fa-shuttlecock'),
(6, 'شنا',          'swimming',    'fas fa-swimming-pool');

-- ============================================================
-- LOCATIONS (Stadiums / Venues)
-- ============================================================
INSERT INTO `locations`
    (`id`, `category_id`, `created_by`, `title`, `slug`, `description`,
     `address`, `city`, `district`, `price_per_session`, `capacity`,
     `surface_type`, `amenities`, `rules`, `phone`, `status`, `rating_avg`, `rating_count`)
VALUES
(1, 1, 1,
 'زمین فوتبال آزادی',
 'azadi-football',
 'زمین فوتبال چمن مصنوعی با امکانات کامل، رختکن، دوش و پارکینگ اختصاصی. مناسب برای بازی‌های دوستانه و مسابقات آماتور.',
 'خیابان آزادی، کوچه شهید رجبی، پلاک ۱۲', 'تهران', 'منطقه ۲',
 350000, 14,
 'artificial',
 '["رختکن", "دوش آب گرم", "پارکینگ", "نورافکن", "بوفه"]',
 'سیگار کشیدن ممنوع است. استفاده از کفش مخصوص الزامی است. پرداخت قبل از بازی الزامی است.',
 '02144001234', 'active', 4.50, 28),

(2, 1, 1,
 'زمین فوتسال نیلوفر',
 'niloofar-futsal',
 'سالن فوتسال سرپوشیده با کف پارکت، مناسب برای انواع مسابقات و تمرینات تیمی.',
 'خیابان ولیعصر، پایین‌تر از میدان ونک، پلاک ۵۵', 'تهران', 'منطقه ۶',
 280000, 10,
 'indoor',
 '["رختکن", "دوش آب گرم", "کمدهای قفل‌دار", "آب‌سردکن"]',
 'کفش کتانی تمیز الزامی است. ورود با لباس مناسب ورزشی.',
 '02188002345', 'active', 4.20, 15),

(3, 2, 1,
 'سالن بسکتبال امید',
 'omid-basketball',
 'سالن بسکتبال با ظرفیت ۲۰ نفر، کف پارکت حرفه‌ای، سیستم نور مناسب و تریبون تماشاگر.',
 'خیابان بهشتی، خیابان احمد قصیر، پلاک ۸', 'تهران', 'منطقه ۱',
 200000, 20,
 'indoor',
 '["رختکن", "دوش", "سکوی تماشاگر", "تابلو امتیاز الکترونیکی"]',
 'ورود با کفش مخصوص سالن الزامی است.',
 '02122003456', 'active', 4.70, 42),

(4, 3, 1,
 'زمین والیبال ساحلی پارک',
 'beach-volleyball-park',
 'زمین والیبال ساحلی روباز با ماسه استاندارد، نورافکن شبانه و محوطه دلباز.',
 'بزرگراه چمران، پارک ساعی، ورودی شرقی', 'تهران', 'منطقه ۳',
 180000, 12,
 'outdoor',
 '["نورافکن", "رختکن", "آبخوری", "پارکینگ عمومی"]',
 'ورود حیوانات خانگی مجاز نیست. رعایت حجاب ورزشی الزامی است.',
 '02143004567', 'active', 4.00, 19),

(5, 4, 1,
 'زمین تنیس باشگاه پردیس',
 'pardis-tennis',
 'دو زمین تنیس با کف هارد‌کورت استاندارد، مناسب برای مبتدیان و حرفه‌ای‌ها.',
 'خیابان جردن، کوچه ۱۵، پلاک ۳', 'تهران', 'منطقه ۱',
 250000, 4,
 'outdoor',
 '["رختکن", "دوش", "اجاره راکت", "مربی خصوصی"]',
 'رزرو حداقل ۲ ساعت. لباس سفید توصیه می‌شود.',
 '02126005678', 'active', 4.80, 67),

(6, 6, 1,
 'استخر شنا آبی',
 'abi-swimming-pool',
 'استخر نیمه‌المپیک با آب گرم، مسیرهای مشخص و مربیان مجاز. مناسب همه سنین.',
 'خیابان کارگر شمالی، نرسیده به پل کالج، پلاک ۱۰۰', 'تهران', 'منطقه ۶',
 320000, 30,
 'indoor',
 '["رختکن", "سونا", "جکوزی", "کافه", "پارکینگ"]',
 'استفاده از کلاه شنا الزامی است. ورود بدون مایو ممنوع است.',
 '02166006789', 'active', 4.30, 35);

-- ============================================================
-- LOCATION IMAGES (placeholder filenames)
-- ============================================================
INSERT INTO `location_images` (`location_id`, `filename`, `alt_text`, `sort_order`, `is_primary`) VALUES
(1, 'azadi-1.jpg',   'زمین فوتبال آزادی - نمای کلی',    0, 1),
(1, 'azadi-2.jpg',   'زمین فوتبال آزادی - رختکن',        1, 0),
(2, 'niloofar-1.jpg','سالن فوتسال نیلوفر - نمای داخلی', 0, 1),
(3, 'omid-1.jpg',    'سالن بسکتبال امید - کف پارکت',     0, 1),
(4, 'beach-1.jpg',   'والیبال ساحلی - نمای کلی',          0, 1),
(5, 'tennis-1.jpg',  'زمین تنیس پردیس - هارد‌کورت',      0, 1),
(6, 'pool-1.jpg',    'استخر آبی - نمای کلی',              0, 1);

-- ============================================================
-- AVAILABLE SLOTS
-- day_of_week: 0=Sun, 1=Mon, 2=Tue, 3=Wed, 4=Thu, 5=Fri, 6=Sat
-- ============================================================
INSERT INTO `available_slots` (`location_id`, `day_of_week`, `start_time`, `end_time`, `is_active`) VALUES
-- Location 1 - Football Azadi (Sat-Thu)
(1, 0, '08:00:00', '10:00:00', 1),
(1, 0, '10:00:00', '12:00:00', 1),
(1, 0, '14:00:00', '16:00:00', 1),
(1, 0, '16:00:00', '18:00:00', 1),
(1, 0, '18:00:00', '20:00:00', 1),
(1, 1, '08:00:00', '10:00:00', 1),
(1, 1, '10:00:00', '12:00:00', 1),
(1, 1, '14:00:00', '16:00:00', 1),
(1, 1, '18:00:00', '20:00:00', 1),
(1, 2, '08:00:00', '10:00:00', 1),
(1, 2, '16:00:00', '18:00:00', 1),
(1, 2, '18:00:00', '20:00:00', 1),
(1, 3, '08:00:00', '10:00:00', 1),
(1, 3, '10:00:00', '12:00:00', 1),
(1, 3, '16:00:00', '18:00:00', 1),
(1, 4, '08:00:00', '10:00:00', 1),
(1, 4, '10:00:00', '12:00:00', 1),
(1, 4, '18:00:00', '20:00:00', 1),
(1, 5, '08:00:00', '10:00:00', 1),
(1, 5, '10:00:00', '12:00:00', 1),
(1, 6, '14:00:00', '16:00:00', 1),
(1, 6, '16:00:00', '18:00:00', 1),
-- Location 2 - Futsal Niloofar
(2, 0, '09:00:00', '11:00:00', 1),
(2, 0, '11:00:00', '13:00:00', 1),
(2, 0, '17:00:00', '19:00:00', 1),
(2, 1, '09:00:00', '11:00:00', 1),
(2, 1, '17:00:00', '19:00:00', 1),
(2, 2, '09:00:00', '11:00:00', 1),
(2, 3, '17:00:00', '19:00:00', 1),
(2, 4, '09:00:00', '11:00:00', 1),
(2, 5, '09:00:00', '11:00:00', 1),
(2, 6, '14:00:00', '16:00:00', 1),
-- Location 3 - Basketball
(3, 0, '08:00:00', '10:00:00', 1),
(3, 0, '16:00:00', '18:00:00', 1),
(3, 1, '08:00:00', '10:00:00', 1),
(3, 2, '16:00:00', '18:00:00', 1),
(3, 3, '08:00:00', '10:00:00', 1),
(3, 4, '16:00:00', '18:00:00', 1),
(3, 5, '08:00:00', '10:00:00', 1),
-- Location 5 - Tennis
(5, 0, '07:00:00', '09:00:00', 1),
(5, 0, '09:00:00', '11:00:00', 1),
(5, 0, '15:00:00', '17:00:00', 1),
(5, 1, '07:00:00', '09:00:00', 1),
(5, 2, '09:00:00', '11:00:00', 1),
(5, 3, '15:00:00', '17:00:00', 1),
(5, 4, '07:00:00', '09:00:00', 1),
(5, 5, '09:00:00', '11:00:00', 1),
-- Location 6 - Swimming
(6, 0, '06:00:00', '08:00:00', 1),
(6, 0, '08:00:00', '10:00:00', 1),
(6, 0, '16:00:00', '18:00:00', 1),
(6, 1, '06:00:00', '08:00:00', 1),
(6, 1, '16:00:00', '18:00:00', 1),
(6, 2, '08:00:00', '10:00:00', 1),
(6, 3, '06:00:00', '08:00:00', 1),
(6, 4, '16:00:00', '18:00:00', 1),
(6, 5, '08:00:00', '10:00:00', 1),
(6, 6, '08:00:00', '10:00:00', 1);

-- ============================================================
-- SAMPLE RESERVATIONS
-- ============================================================
INSERT INTO `reservations`
    (`user_id`, `location_id`, `slot_id`, `reservation_date`, `start_time`, `end_time`,
     `people_count`, `notes`, `status`, `total_price`, `approved_by`, `approved_at`)
VALUES
(2, 1, 1, DATE_ADD(CURDATE(), INTERVAL 2 DAY),  '08:00:00', '10:00:00', 6,
 'بازی دوستانه تیم محله', 'approved', 350000, 1, NOW()),
(3, 2, 23, DATE_ADD(CURDATE(), INTERVAL 3 DAY), '09:00:00', '11:00:00', 8,
 NULL, 'pending', 280000, NULL, NULL),
(2, 5, 40, DATE_ADD(CURDATE(), INTERVAL 5 DAY), '07:00:00', '09:00:00', 2,
 'تمرین انفرادی', 'approved', 250000, 1, NOW()),
(4, 3, 33, DATE_ADD(CURDATE(), INTERVAL 1 DAY), '08:00:00', '10:00:00', 10,
 NULL, 'rejected', 200000, 1, NOW()),
(3, 1, 2, DATE_SUB(CURDATE(), INTERVAL 5 DAY),  '10:00:00', '12:00:00', 5,
 'مسابقه دوستانه', 'approved', 350000, 1, DATE_SUB(NOW(), INTERVAL 4 DAY));

-- ============================================================
-- SAMPLE COMMENTS
-- ============================================================
INSERT INTO `comments` (`user_id`, `location_id`, `body`, `rating`, `status`) VALUES
(2, 1, 'زمین بسیار عالی بود. کیفیت چمن مصنوعی واقعاً خوب و رختکن‌ها تمیز بودند. حتماً دوباره رزرو می‌کنیم.',
 5, 'approved'),
(3, 1, 'نورافکن‌ها کمی ضعیف بودند ولی در کل تجربه خوبی داشتیم.',
 3, 'approved'),
(2, 5, 'بهترین زمین تنیسی که تا حالا بازی کردم. کف هارد‌کورت بی‌نظیر است.',
 5, 'approved'),
(4, 3, 'سالن تمیز و مدرن. تابلو امتیاز الکترونیکی خیلی جالب بود.',
 4, 'pending'),
(3, 2, 'کف پارکت خوب بود ولی کمد‌های رختکن قفل نداشتند.',
 3, 'approved');

-- ============================================================
-- SAMPLE NOTIFICATIONS
-- ============================================================
INSERT INTO `notifications` (`user_id`, `type`, `title`, `message`, `is_read`, `link`) VALUES
(2, 'reservation_approved', 'رزرو تأیید شد',
 'رزرو شما برای زمین فوتبال آزادی در تاریخ مورد نظر تأیید گردید.', 0,
 '/user/reservations.php'),
(3, 'reservation_pending', 'رزرو در انتظار تأیید',
 'رزرو شما ثبت شد و در انتظار تأیید مدیریت است.', 1,
 '/user/reservations.php'),
(4, 'reservation_rejected', 'رزرو رد شد',
 'متأسفانه رزرو شما برای سالن بسکتبال امید تأیید نشد. لطفاً زمان دیگری انتخاب کنید.', 0,
 '/user/reservations.php');

-- ============================================================
-- SAMPLE ACTIVITY LOGS
-- ============================================================
INSERT INTO `activity_logs` (`user_id`, `action`, `description`, `entity_type`, `entity_id`, `ip_address`) VALUES
(1, 'admin_login',         'ورود مدیر به سیستم',                              NULL, NULL,       '127.0.0.1'),
(2, 'user_register',       'ثبت‌نام کاربر جدید: علی رضایی',                  'user', 2,        '127.0.0.1'),
(3, 'user_register',       'ثبت‌نام کاربر جدید: سارا محمدی',                 'user', 3,        '127.0.0.1'),
(2, 'user_login',          'ورود موفق کاربر: ali_r',                          'user', 2,        '127.0.0.1'),
(2, 'reservation_created', 'ایجاد رزرو برای زمین فوتبال آزادی',              'reservation', 1, '127.0.0.1'),
(1, 'reservation_approved','تأیید رزرو شماره ۱ توسط مدیر',                   'reservation', 1, '127.0.0.1'),
(4, 'reservation_created', 'ایجاد رزرو برای سالن بسکتبال امید',              'reservation', 4, '127.0.0.1'),
(1, 'reservation_rejected','رد رزرو شماره ۴ توسط مدیر',                      'reservation', 4, '127.0.0.1'),
(2, 'comment_created',     'ثبت نظر برای زمین فوتبال آزادی',                 'comment', 1,     '127.0.0.1'),
(NULL, 'login_failed',     'تلاش ناموفق برای ورود با شناسه: unknown_user',    NULL, NULL,       '127.0.0.1');
